,extension.id,extension.system,extension.value,extension.url,extension.valueCoding.code,extension.valueCoding.display,extension.valueCoding.system
0,-10000000000066,https://bluebutton.cms.gov/resources/variables/bene_id,-10000000000066,https://bluebutton.cms.gov/resources/codesystem/identifier-currency,current,Current,https://bluebutton.cms.gov/resources/codesystem/identifier-currency
1,-10000000000066,https://bluebutton.cms.gov/resources/identifier/mbi-hash,0e239e4895a76a2aff678507b1626a7cd08d23db07280e7efa228c8b0c156d23,https://bluebutton.cms.gov/resources/codesystem/identifier-currency,current,Current,https://bluebutton.cms.gov/resources/codesystem/identifier-currency
2,-10000000000066,http://hl7.org/fhir/sid/us-mbi,1S00E00AA66,https://bluebutton.cms.gov/resources/codesystem/identifier-currency,current,Current,https://bluebutton.cms.gov/resources/codesystem/identifier-currency
3,-10000000000059,https://bluebutton.cms.gov/resources/variables/bene_id,-10000000000059,https://bluebutton.cms.gov/resources/codesystem/identifier-currency,current,Current,https://bluebutton.cms.gov/resources/codesystem/identifier-currency
4,-10000000000059,https://bluebutton.cms.gov/resources/identifier/mbi-hash,cb152b9ec654eeefaca147a0c73e053c0cdf962d10eb0b7ab494dcbd58a7e530,https://bluebutton.cms.gov/resources/codesystem/identifier-currency,current,Current,https://bluebutton.cms.gov/resources/codesystem/identifier-currency
5,-10000000000059,http://hl7.org/fhir/sid/us-mbi,1S00E00AA59,https://bluebutton.cms.gov/resources/codesystem/identifier-currency,current,Current,https://bluebutton.cms.gov/resources/codesystem/identifier-currency
6,-10000000000012,https://bluebutton.cms.gov/resources/variables/bene_id,-10000000000012,https://bluebutton.cms.gov/resources/codesystem/identifier-currency,current,Current,https://bluebutton.cms.gov/resources/codesystem/identifier-currency
7,-10000000000012,https://bluebutton.cms.gov/resources/identifier/mbi-hash,2aa27465b5d13f8ab80d0363095b72f252adf1f8a19e52896847de556d59765f,https://bluebutton.cms.gov/resources/codesystem/identifier-currency,current,Current,https://bluebutton.cms.gov/resources/codesystem/identifier-currency
8,-10000000000012,http://hl7.org/fhir/sid/us-mbi,1S00E00AA12,https://bluebutton.cms.gov/resources/codesystem/identifier-currency,current,Current,https://bluebutton.cms.gov/resources/codesystem/identifier-currency
9,-10000000000091,https://bluebutton.cms.gov/resources/variables/bene_id,-10000000000091,https://bluebutton.cms.gov/resources/codesystem/identifier-currency,current,Current,https://bluebutton.cms.gov/resources/codesystem/identifier-currency
10,-10000000000091,https://bluebutton.cms.gov/resources/identifier/mbi-hash,8e6f12631bd513b4679498359c2d8c94f17ab65e018885db8ab49063701b1a01,https://bluebutton.cms.gov/resources/codesystem/identifier-currency,current,Current,https://bluebutton.cms.gov/resources/codesystem/identifier-currency
11,-10000000000091,http://hl7.org/fhir/sid/us-mbi,1S00E00AA91,https://bluebutton.cms.gov/resources/codesystem/identifier-currency,current,Current,https://bluebutton.cms.gov/resources/codesystem/identifier-currency
12,-10000000000028,https://bluebutton.cms.gov/resources/variables/bene_id,-10000000000028,https://bluebutton.cms.gov/resources/codesystem/identifier-currency,current,Current,https://bluebutton.cms.gov/resources/codesystem/identifier-currency
13,-10000000000028,https://bluebutton.cms.gov/resources/identifier/mbi-hash,b621177b13f7a5266318f12cc5c899dec1423fc030b3e7855ecdb2b2409a41b7,https://bluebutton.cms.gov/resources/codesystem/identifier-currency,current,Current,https://bluebutton.cms.gov/resources/codesystem/identifier-currency
14,-10000000000028,http://hl7.org/fhir/sid/us-mbi,1S00E00AA28,https://bluebutton.cms.gov/resources/codesystem/identifier-currency,current,Current,https://bluebutton.cms.gov/resources/codesystem/identifier-currency
15,-10000000000061,https://bluebutton.cms.gov/resources/variables/bene_id,-10000000000061,https://bluebutton.cms.gov/resources/codesystem/identifier-currency,current,Current,https://bluebutton.cms.gov/resources/codesystem/identifier-currency
16,-10000000000061,https://bluebutton.cms.gov/resources/identifier/mbi-hash,13b1f31213081e69e67a268168a115372fc93707613158e0136e824889762689,https://bluebutton.cms.gov/resources/codesystem/identifier-currency,current,Current,https://bluebutton.cms.gov/resources/codesystem/identifier-currency
17,-10000000000061,http://hl7.org/fhir/sid/us-mbi,1S00E00AA61,https://bluebutton.cms.gov/resources/codesystem/identifier-currency,current,Current,https://bluebutton.cms.gov/resources/codesystem/identifier-currency
18,-10000000000029,https://bluebutton.cms.gov/resources/variables/bene_id,-10000000000029,https://bluebutton.cms.gov/resources/codesystem/identifier-currency,current,Current,https://bluebutton.cms.gov/resources/codesystem/identifier-currency
19,-10000000000029,https://bluebutton.cms.gov/resources/identifier/mbi-hash,6a2e103b37088caad8b877bf8da8209eb4459f66beea8357da8a21e3d92c255f,https://bluebutton.cms.gov/resources/codesystem/identifier-currency,current,Current,https://bluebutton.cms.gov/resources/codesystem/identifier-currency
20,-10000000000029,http://hl7.org/fhir/sid/us-mbi,1S00E00AA29,https://bluebutton.cms.gov/resources/codesystem/identifier-currency,current,Current,https://bluebutton.cms.gov/resources/codesystem/identifier-currency
21,-10000000000069,https://bluebutton.cms.gov/resources/variables/bene_id,-10000000000069,https://bluebutton.cms.gov/resources/codesystem/identifier-currency,current,Current,https://bluebutton.cms.gov/resources/codesystem/identifier-currency
22,-10000000000069,https://bluebutton.cms.gov/resources/identifier/mbi-hash,d5fa44f3f780edfab2382c5006ed0df39690a6f81719bfda71d2f4df84729e4d,https://bluebutton.cms.gov/resources/codesystem/identifier-currency,current,Current,https://bluebutton.cms.gov/resources/codesystem/identifier-currency
23,-10000000000069,http://hl7.org/fhir/sid/us-mbi,1S00E00AA69,https://bluebutton.cms.gov/resources/codesystem/identifier-currency,current,Current,https://bluebutton.cms.gov/resources/codesystem/identifier-currency
24,-10000000000060,https://bluebutton.cms.gov/resources/variables/bene_id,-10000000000060,https://bluebutton.cms.gov/resources/codesystem/identifier-currency,current,Current,https://bluebutton.cms.gov/resources/codesystem/identifier-currency
25,-10000000000060,https://bluebutton.cms.gov/resources/identifier/mbi-hash,715b1a567063cba0060bca2774782d5587787796d3be60ae8bd654552420bc5d,https://bluebutton.cms.gov/resources/codesystem/identifier-currency,current,Current,https://bluebutton.cms.gov/resources/codesystem/identifier-currency
26,-10000000000060,http://hl7.org/fhir/sid/us-mbi,1S00E00AA60,https://bluebutton.cms.gov/resources/codesystem/identifier-currency,current,Current,https://bluebutton.cms.gov/resources/codesystem/identifier-currency
27,-10000000000096,https://bluebutton.cms.gov/resources/variables/bene_id,-10000000000096,https://bluebutton.cms.gov/resources/codesystem/identifier-currency,current,Current,https://bluebutton.cms.gov/resources/codesystem/identifier-currency
28,-10000000000096,https://bluebutton.cms.gov/resources/identifier/mbi-hash,3cb71a2eb66efe03647ed24a197f8648d06e5f3f4168bf3b9f397a97ae8d71fc,https://bluebutton.cms.gov/resources/codesystem/identifier-currency,current,Current,https://bluebutton.cms.gov/resources/codesystem/identifier-currency
29,-10000000000096,http://hl7.org/fhir/sid/us-mbi,1S00E00AA96,https://bluebutton.cms.gov/resources/codesystem/identifier-currency,current,Current,https://bluebutton.cms.gov/resources/codesystem/identifier-currency
30,-10000000000047,https://bluebutton.cms.gov/resources/variables/bene_id,-10000000000047,https://bluebutton.cms.gov/resources/codesystem/identifier-currency,current,Current,https://bluebutton.cms.gov/resources/codesystem/identifier-currency
31,-10000000000047,https://bluebutton.cms.gov/resources/identifier/mbi-hash,f0a033c591cb5d7da380c4a14861acbc8da3b851e5946b758d0ce60cbc5d3ce2,https://bluebutton.cms.gov/resources/codesystem/identifier-currency,current,Current,https://bluebutton.cms.gov/resources/codesystem/identifier-currency
32,-10000000000047,http://hl7.org/fhir/sid/us-mbi,1S00E00AA47,https://bluebutton.cms.gov/resources/codesystem/identifier-currency,current,Current,https://bluebutton.cms.gov/resources/codesystem/identifier-currency
33,-10000000000077,https://bluebutton.cms.gov/resources/variables/bene_id,-10000000000077,https://bluebutton.cms.gov/resources/codesystem/identifier-currency,current,Current,https://bluebutton.cms.gov/resources/codesystem/identifier-currency
34,-10000000000077,https://bluebutton.cms.gov/resources/identifier/mbi-hash,1b9c6fa4b1943d4b98bf032abc37bc5c83612924c438c71dcf11a1513dd857fc,https://bluebutton.cms.gov/resources/codesystem/identifier-currency,current,Current,https://bluebutton.cms.gov/resources/codesystem/identifier-currency
35,-10000000000077,http://hl7.org/fhir/sid/us-mbi,1S00E00AA77,https://bluebutton.cms.gov/resources/codesystem/identifier-currency,current,Current,https://bluebutton.cms.gov/resources/codesystem/identifier-currency
36,-10000000000003,https://bluebutton.cms.gov/resources/variables/bene_id,-10000000000003,https://bluebutton.cms.gov/resources/codesystem/identifier-currency,current,Current,https://bluebutton.cms.gov/resources/codesystem/identifier-currency
37,-10000000000003,https://bluebutton.cms.gov/resources/identifier/mbi-hash,86ef05caba22c3323df3c12f84f882e8de694d33c6c5ba7f46f63bb88f859b90,https://bluebutton.cms.gov/resources/codesystem/identifier-currency,current,Current,https://bluebutton.cms.gov/resources/codesystem/identifier-currency
38,-10000000000003,http://hl7.org/fhir/sid/us-mbi,1S00E00AA01,https://bluebutton.cms.gov/resources/codesystem/identifier-currency,current,Current,https://bluebutton.cms.gov/resources/codesystem/identifier-currency
39,-10000000000080,https://bluebutton.cms.gov/resources/variables/bene_id,-10000000000080,https://bluebutton.cms.gov/resources/codesystem/identifier-currency,current,Current,https://bluebutton.cms.gov/resources/codesystem/identifier-currency
40,-10000000000080,https://bluebutton.cms.gov/resources/identifier/mbi-hash,df8545244a052f9a305bf265180294cfa83449824987bc3afe383fb8274d7e75,https://bluebutton.cms.gov/resources/codesystem/identifier-currency,current,Current,https://bluebutton.cms.gov/resources/codesystem/identifier-currency
41,-10000000000080,http://hl7.org/fhir/sid/us-mbi,1S00E00AA80,https://bluebutton.cms.gov/resources/codesystem/identifier-currency,current,Current,https://bluebutton.cms.gov/resources/codesystem/identifier-currency
42,-10000000000027,https://bluebutton.cms.gov/resources/variables/bene_id,-10000000000027,https://bluebutton.cms.gov/resources/codesystem/identifier-currency,current,Current,https://bluebutton.cms.gov/resources/codesystem/identifier-currency
43,-10000000000027,https://bluebutton.cms.gov/resources/identifier/mbi-hash,0b4f69a405835f92292d93229b5a1fb2adbfefa327b3be0e182ca6c2e87e2c85,https://bluebutton.cms.gov/resources/codesystem/identifier-currency,current,Current,https://bluebutton.cms.gov/resources/codesystem/identifier-currency
44,-10000000000027,http://hl7.org/fhir/sid/us-mbi,1S00E00AA27,https://bluebutton.cms.gov/resources/codesystem/identifier-currency,current,Current,https://bluebutton.cms.gov/resources/codesystem/identifier-currency
45,-10000000000006,https://bluebutton.cms.gov/resources/variables/bene_id,-10000000000006,https://bluebutton.cms.gov/resources/codesystem/identifier-currency,current,Current,https://bluebutton.cms.gov/resources/codesystem/identifier-currency
46,-10000000000006,https://bluebutton.cms.gov/resources/identifier/mbi-hash,22c49cceafa888001eaf30b0edd1d0fed39897e0de0218fc439e5d7817352b94,https://bluebutton.cms.gov/resources/codesystem/identifier-currency,current,Current,https://bluebutton.cms.gov/resources/codesystem/identifier-currency
47,-10000000000006,http://hl7.org/fhir/sid/us-mbi,1S00E00AA06,https://bluebutton.cms.gov/resources/codesystem/identifier-currency,current,Current,https://bluebutton.cms.gov/resources/codesystem/identifier-currency
48,-10000000000064,https://bluebutton.cms.gov/resources/variables/bene_id,-10000000000064,https://bluebutton.cms.gov/resources/codesystem/identifier-currency,current,Current,https://bluebutton.cms.gov/resources/codesystem/identifier-currency
49,-10000000000064,https://bluebutton.cms.gov/resources/identifier/mbi-hash,0a88f463d134cc31b5c8f17ba3307b0ead9269a00be2701b47b117b57abe0454,https://bluebutton.cms.gov/resources/codesystem/identifier-currency,current,Current,https://bluebutton.cms.gov/resources/codesystem/identifier-currency
50,-10000000000064,http://hl7.org/fhir/sid/us-mbi,1S00E00AA64,https://bluebutton.cms.gov/resources/codesystem/identifier-currency,current,Current,https://bluebutton.cms.gov/resources/codesystem/identifier-currency
51,-10000000000073,https://bluebutton.cms.gov/resources/variables/bene_id,-10000000000073,https://bluebutton.cms.gov/resources/codesystem/identifier-currency,current,Current,https://bluebutton.cms.gov/resources/codesystem/identifier-currency
52,-10000000000073,https://bluebutton.cms.gov/resources/identifier/mbi-hash,9f4da7606df5ba3e58df7ef3e894286dd93d2138535e272e251d3b8d3afffaba,https://bluebutton.cms.gov/resources/codesystem/identifier-currency,current,Current,https://bluebutton.cms.gov/resources/codesystem/identifier-currency
53,-10000000000073,http://hl7.org/fhir/sid/us-mbi,1S00E00AA73,https://bluebutton.cms.gov/resources/codesystem/identifier-currency,current,Current,https://bluebutton.cms.gov/resources/codesystem/identifier-currency
54,-10000000000055,https://bluebutton.cms.gov/resources/variables/bene_id,-10000000000055,https://bluebutton.cms.gov/resources/codesystem/identifier-currency,current,Current,https://bluebutton.cms.gov/resources/codesystem/identifier-currency
55,-10000000000055,https://bluebutton.cms.gov/resources/identifier/mbi-hash,2decf041177c8188e9ede56f143426d9fd1b008f93e8f3a6541838c278a991ba,https://bluebutton.cms.gov/resources/codesystem/identifier-currency,current,Current,https://bluebutton.cms.gov/resources/codesystem/identifier-currency
56,-10000000000055,http://hl7.org/fhir/sid/us-mbi,1S00E00AA55,https://bluebutton.cms.gov/resources/codesystem/identifier-currency,current,Current,https://bluebutton.cms.gov/resources/codesystem/identifier-currency
57,-10000000000084,https://bluebutton.cms.gov/resources/variables/bene_id,-10000000000084,https://bluebutton.cms.gov/resources/codesystem/identifier-currency,current,Current,https://bluebutton.cms.gov/resources/codesystem/identifier-currency
58,-10000000000084,https://bluebutton.cms.gov/resources/identifier/mbi-hash,0d6d9b6f03402e6c54e8ae4802786cafdd1a83a7b7e4a61a71316c1365bb37b0,https://bluebutton.cms.gov/resources/codesystem/identifier-currency,current,Current,https://bluebutton.cms.gov/resources/codesystem/identifier-currency
59,-10000000000084,http://hl7.org/fhir/sid/us-mbi,1S00E00AA84,https://bluebutton.cms.gov/resources/codesystem/identifier-currency,current,Current,https://bluebutton.cms.gov/resources/codesystem/identifier-currency
60,-10000000000082,https://bluebutton.cms.gov/resources/variables/bene_id,-10000000000082,https://bluebutton.cms.gov/resources/codesystem/identifier-currency,current,Current,https://bluebutton.cms.gov/resources/codesystem/identifier-currency
61,-10000000000082,https://bluebutton.cms.gov/resources/identifier/mbi-hash,fa2174700fe031846d754fa96c3441376b62cc18b5684994ba5cce98617ca18a,https://bluebutton.cms.gov/resources/codesystem/identifier-currency,current,Current,https://bluebutton.cms.gov/resources/codesystem/identifier-currency
62,-10000000000082,http://hl7.org/fhir/sid/us-mbi,1S00E00AA82,https://bluebutton.cms.gov/resources/codesystem/identifier-currency,current,Current,https://bluebutton.cms.gov/resources/codesystem/identifier-currency
63,-10000000000049,https://bluebutton.cms.gov/resources/variables/bene_id,-10000000000049,https://bluebutton.cms.gov/resources/codesystem/identifier-currency,current,Current,https://bluebutton.cms.gov/resources/codesystem/identifier-currency
64,-10000000000049,https://bluebutton.cms.gov/resources/identifier/mbi-hash,b5e1c841382a9656e7f318d256c0b81149f39169868602542ef58e83bf042fdb,https://bluebutton.cms.gov/resources/codesystem/identifier-currency,current,Current,https://bluebutton.cms.gov/resources/codesystem/identifier-currency
65,-10000000000049,http://hl7.org/fhir/sid/us-mbi,1S00E00AA49,https://bluebutton.cms.gov/resources/codesystem/identifier-currency,current,Current,https://bluebutton.cms.gov/resources/codesystem/identifier-currency
66,-10000000000022,https://bluebutton.cms.gov/resources/variables/bene_id,-10000000000022,https://bluebutton.cms.gov/resources/codesystem/identifier-currency,current,Current,https://bluebutton.cms.gov/resources/codesystem/identifier-currency
67,-10000000000022,https://bluebutton.cms.gov/resources/identifier/mbi-hash,2164cab0bda5e546c57adf5796a22fae41eee91a79f07f045fe6ff2e03eb33b6,https://bluebutton.cms.gov/resources/codesystem/identifier-currency,current,Current,https://bluebutton.cms.gov/resources/codesystem/identifier-currency
68,-10000000000022,http://hl7.org/fhir/sid/us-mbi,1S00E00AA22,https://bluebutton.cms.gov/resources/codesystem/identifier-currency,current,Current,https://bluebutton.cms.gov/resources/codesystem/identifier-currency
69,-10000000000054,https://bluebutton.cms.gov/resources/variables/bene_id,-10000000000054,https://bluebutton.cms.gov/resources/codesystem/identifier-currency,current,Current,https://bluebutton.cms.gov/resources/codesystem/identifier-currency
70,-10000000000054,https://bluebutton.cms.gov/resources/identifier/mbi-hash,df71905afdcd0d517900d70d8bc696ecfb17e1b275f874257c02789aeb19eae5,https://bluebutton.cms.gov/resources/codesystem/identifier-currency,current,Current,https://bluebutton.cms.gov/resources/codesystem/identifier-currency
71,-10000000000054,http://hl7.org/fhir/sid/us-mbi,1S00E00AA54,https://bluebutton.cms.gov/resources/codesystem/identifier-currency,current,Current,https://bluebutton.cms.gov/resources/codesystem/identifier-currency
72,-10000000000014,https://bluebutton.cms.gov/resources/variables/bene_id,-10000000000014,https://bluebutton.cms.gov/resources/codesystem/identifier-currency,current,Current,https://bluebutton.cms.gov/resources/codesystem/identifier-currency
73,-10000000000014,https://bluebutton.cms.gov/resources/identifier/mbi-hash,74ca777c77463a2e764a0eda6b66803031c3217cb7b39449e6727652bff3c22b,https://bluebutton.cms.gov/resources/codesystem/identifier-currency,current,Current,https://bluebutton.cms.gov/resources/codesystem/identifier-currency
74,-10000000000014,http://hl7.org/fhir/sid/us-mbi,1S00E00AA14,https://bluebutton.cms.gov/resources/codesystem/identifier-currency,current,Current,https://bluebutton.cms.gov/resources/codesystem/identifier-currency
75,-10000000000070,https://bluebutton.cms.gov/resources/variables/bene_id,-10000000000070,https://bluebutton.cms.gov/resources/codesystem/identifier-currency,current,Current,https://bluebutton.cms.gov/resources/codesystem/identifier-currency
76,-10000000000070,https://bluebutton.cms.gov/resources/identifier/mbi-hash,9703479f931f50cb91daa94b8b6859d7538ba63018bcf690aeb178e4bc568eec,https://bluebutton.cms.gov/resources/codesystem/identifier-currency,current,Current,https://bluebutton.cms.gov/resources/codesystem/identifier-currency
77,-10000000000070,http://hl7.org/fhir/sid/us-mbi,1S00E00AA70,https://bluebutton.cms.gov/resources/codesystem/identifier-currency,current,Current,https://bluebutton.cms.gov/resources/codesystem/identifier-currency
78,-10000000000008,https://bluebutton.cms.gov/resources/variables/bene_id,-10000000000008,https://bluebutton.cms.gov/resources/codesystem/identifier-currency,current,Current,https://bluebutton.cms.gov/resources/codesystem/identifier-currency
79,-10000000000008,https://bluebutton.cms.gov/resources/identifier/mbi-hash,cb56534307c081c028bd729c9a0fe9f9d21bc1f880a610e2d99cd30dcb77033b,https://bluebutton.cms.gov/resources/codesystem/identifier-currency,current,Current,https://bluebutton.cms.gov/resources/codesystem/identifier-currency
80,-10000000000008,http://hl7.org/fhir/sid/us-mbi,1S00E00AA08,https://bluebutton.cms.gov/resources/codesystem/identifier-currency,current,Current,https://bluebutton.cms.gov/resources/codesystem/identifier-currency
81,-10000000000000,https://bluebutton.cms.gov/resources/variables/bene_id,-10000000000000,https://bluebutton.cms.gov/resources/codesystem/identifier-currency,current,Current,https://bluebutton.cms.gov/resources/codesystem/identifier-currency
82,-10000000000000,https://bluebutton.cms.gov/resources/identifier/mbi-hash,969db7ab9b45d684fbe66e20346c07149dc164e88348cbb7c8f7a98b9b8f71ed,https://bluebutton.cms.gov/resources/codesystem/identifier-currency,current,Current,https://bluebutton.cms.gov/resources/codesystem/identifier-currency
83,-10000000000000,http://hl7.org/fhir/sid/us-mbi,1S00E00FZ00,https://bluebutton.cms.gov/resources/codesystem/identifier-currency,current,Current,https://bluebutton.cms.gov/resources/codesystem/identifier-currency
84,-10000000000063,https://bluebutton.cms.gov/resources/variables/bene_id,-10000000000063,https://bluebutton.cms.gov/resources/codesystem/identifier-currency,current,Current,https://bluebutton.cms.gov/resources/codesystem/identifier-currency
85,-10000000000063,https://bluebutton.cms.gov/resources/identifier/mbi-hash,650032c863ebf0c6ee57fa5a6d8e237515310847a54bcd95493b6fe37bd5a406,https://bluebutton.cms.gov/resources/codesystem/identifier-currency,current,Current,https://bluebutton.cms.gov/resources/codesystem/identifier-currency
86,-10000000000063,http://hl7.org/fhir/sid/us-mbi,1S00E00AA63,https://bluebutton.cms.gov/resources/codesystem/identifier-currency,current,Current,https://bluebutton.cms.gov/resources/codesystem/identifier-currency
87,-10000000000095,https://bluebutton.cms.gov/resources/variables/bene_id,-10000000000095,https://bluebutton.cms.gov/resources/codesystem/identifier-currency,current,Current,https://bluebutton.cms.gov/resources/codesystem/identifier-currency
88,-10000000000095,https://bluebutton.cms.gov/resources/identifier/mbi-hash,8268f3744d59d506d9cc228e4b5327084345a288a9111f97242f5a0914fd1179,https://bluebutton.cms.gov/resources/codesystem/identifier-currency,current,Current,https://bluebutton.cms.gov/resources/codesystem/identifier-currency
89,-10000000000095,http://hl7.org/fhir/sid/us-mbi,1S00E00AA95,https://bluebutton.cms.gov/resources/codesystem/identifier-currency,current,Current,https://bluebutton.cms.gov/resources/codesystem/identifier-currency
90,-10000000000075,https://bluebutton.cms.gov/resources/variables/bene_id,-10000000000075,https://bluebutton.cms.gov/resources/codesystem/identifier-currency,current,Current,https://bluebutton.cms.gov/resources/codesystem/identifier-currency
91,-10000000000075,https://bluebutton.cms.gov/resources/identifier/mbi-hash,77fe7181a5951cd4ebbbf14b1082ac9b6573409dc43ecb00664da9af91dc7a4e,https://bluebutton.cms.gov/resources/codesystem/identifier-currency,current,Current,https://bluebutton.cms.gov/resources/codesystem/identifier-currency
92,-10000000000075,http://hl7.org/fhir/sid/us-mbi,1S00E00AA75,https://bluebutton.cms.gov/resources/codesystem/identifier-currency,current,Current,https://bluebutton.cms.gov/resources/codesystem/identifier-currency
93,-10000000000089,https://bluebutton.cms.gov/resources/variables/bene_id,-10000000000089,https://bluebutton.cms.gov/resources/codesystem/identifier-currency,current,Current,https://bluebutton.cms.gov/resources/codesystem/identifier-currency
94,-10000000000089,https://bluebutton.cms.gov/resources/identifier/mbi-hash,c88119aea4de6aec214c1a3e7e4dece875311dca6007508a747811b107c8c072,https://bluebutton.cms.gov/resources/codesystem/identifier-currency,current,Current,https://bluebutton.cms.gov/resources/codesystem/identifier-currency
95,-10000000000089,http://hl7.org/fhir/sid/us-mbi,1S00E00AA89,https://bluebutton.cms.gov/resources/codesystem/identifier-currency,current,Current,https://bluebutton.cms.gov/resources/codesystem/identifier-currency
96,-10000000000050,https://bluebutton.cms.gov/resources/variables/bene_id,-10000000000050,https://bluebutton.cms.gov/resources/codesystem/identifier-currency,current,Current,https://bluebutton.cms.gov/resources/codesystem/identifier-currency
97,-10000000000050,https://bluebutton.cms.gov/resources/identifier/mbi-hash,fb9950037d66dbd9ca1e0aa8f3712cef453cc27405f3058cbec399a90a44a724,https://bluebutton.cms.gov/resources/codesystem/identifier-currency,current,Current,https://bluebutton.cms.gov/resources/codesystem/identifier-currency
98,-10000000000050,http://hl7.org/fhir/sid/us-mbi,1S00E00AA50,https://bluebutton.cms.gov/resources/codesystem/identifier-currency,current,Current,https://bluebutton.cms.gov/resources/codesystem/identifier-currency
99,-10000000000085,https://bluebutton.cms.gov/resources/variables/bene_id,-10000000000085,https://bluebutton.cms.gov/resources/codesystem/identifier-currency,current,Current,https://bluebutton.cms.gov/resources/codesystem/identifier-currency
100,-10000000000085,https://bluebutton.cms.gov/resources/identifier/mbi-hash,ece2df5338e15972e2e9d94bb24cf2886e3f2a95bd02d20b93f1565d4683e064,https://bluebutton.cms.gov/resources/codesystem/identifier-currency,current,Current,https://bluebutton.cms.gov/resources/codesystem/identifier-currency
101,-10000000000085,http://hl7.org/fhir/sid/us-mbi,1S00E00AA85,https://bluebutton.cms.gov/resources/codesystem/identifier-currency,current,Current,https://bluebutton.cms.gov/resources/codesystem/identifier-currency
102,-10000000000053,https://bluebutton.cms.gov/resources/variables/bene_id,-10000000000053,https://bluebutton.cms.gov/resources/codesystem/identifier-currency,current,Current,https://bluebutton.cms.gov/resources/codesystem/identifier-currency
103,-10000000000053,https://bluebutton.cms.gov/resources/identifier/mbi-hash,6ac8e8b446dd69566dc36a8d32db264bad7e8098455ae087d00b74b7ac6107cc,https://bluebutton.cms.gov/resources/codesystem/identifier-currency,current,Current,https://bluebutton.cms.gov/resources/codesystem/identifier-currency
104,-10000000000053,http://hl7.org/fhir/sid/us-mbi,1S00E00AA53,https://bluebutton.cms.gov/resources/codesystem/identifier-currency,current,Current,https://bluebutton.cms.gov/resources/codesystem/identifier-currency
105,-10000000000041,https://bluebutton.cms.gov/resources/variables/bene_id,-10000000000041,https://bluebutton.cms.gov/resources/codesystem/identifier-currency,current,Current,https://bluebutton.cms.gov/resources/codesystem/identifier-currency
106,-10000000000041,https://bluebutton.cms.gov/resources/identifier/mbi-hash,b7dc1288d7991370f64e3ac5f7cc589113c1aa307d2ec5e5e640937e50a2a82a,https://bluebutton.cms.gov/resources/codesystem/identifier-currency,current,Current,https://bluebutton.cms.gov/resources/codesystem/identifier-currency
107,-10000000000041,http://hl7.org/fhir/sid/us-mbi,1S00E00AA41,https://bluebutton.cms.gov/resources/codesystem/identifier-currency,current,Current,https://bluebutton.cms.gov/resources/codesystem/identifier-currency
108,-10000000000092,https://bluebutton.cms.gov/resources/variables/bene_id,-10000000000092,https://bluebutton.cms.gov/resources/codesystem/identifier-currency,current,Current,https://bluebutton.cms.gov/resources/codesystem/identifier-currency
109,-10000000000092,https://bluebutton.cms.gov/resources/identifier/mbi-hash,fc976be8b7e223d5585030b33ea094687b8daee3bea7244403889bb03f011984,https://bluebutton.cms.gov/resources/codesystem/identifier-currency,current,Current,https://bluebutton.cms.gov/resources/codesystem/identifier-currency
110,-10000000000092,http://hl7.org/fhir/sid/us-mbi,1S00E00AA92,https://bluebutton.cms.gov/resources/codesystem/identifier-currency,current,Current,https://bluebutton.cms.gov/resources/codesystem/identifier-currency
111,-10000000000039,https://bluebutton.cms.gov/resources/variables/bene_id,-10000000000039,https://bluebutton.cms.gov/resources/codesystem/identifier-currency,current,Current,https://bluebutton.cms.gov/resources/codesystem/identifier-currency
112,-10000000000039,https://bluebutton.cms.gov/resources/identifier/mbi-hash,85b990c88a85c5720e649effbc513b7f09d44702810b9ab052950788023ccc82,https://bluebutton.cms.gov/resources/codesystem/identifier-currency,current,Current,https://bluebutton.cms.gov/resources/codesystem/identifier-currency
113,-10000000000039,http://hl7.org/fhir/sid/us-mbi,1S00E00AA39,https://bluebutton.cms.gov/resources/codesystem/identifier-currency,current,Current,https://bluebutton.cms.gov/resources/codesystem/identifier-currency
114,-10000000000052,https://bluebutton.cms.gov/resources/variables/bene_id,-10000000000052,https://bluebutton.cms.gov/resources/codesystem/identifier-currency,current,Current,https://bluebutton.cms.gov/resources/codesystem/identifier-currency
115,-10000000000052,https://bluebutton.cms.gov/resources/identifier/mbi-hash,cb8059f7fed7796f210c1f13c49c5b4f24ea06a3d350574b0be37a90326f7678,https://bluebutton.cms.gov/resources/codesystem/identifier-currency,current,Current,https://bluebutton.cms.gov/resources/codesystem/identifier-currency
116,-10000000000052,http://hl7.org/fhir/sid/us-mbi,1S00E00AA52,https://bluebutton.cms.gov/resources/codesystem/identifier-currency,current,Current,https://bluebutton.cms.gov/resources/codesystem/identifier-currency
117,-10000000000019,https://bluebutton.cms.gov/resources/variables/bene_id,-10000000000019,https://bluebutton.cms.gov/resources/codesystem/identifier-currency,current,Current,https://bluebutton.cms.gov/resources/codesystem/identifier-currency
118,-10000000000019,https://bluebutton.cms.gov/resources/identifier/mbi-hash,3c3e8090a3cd73d58262bcd5a6745ac14d2b945aef4f2a3820f293b973085da5,https://bluebutton.cms.gov/resources/codesystem/identifier-currency,current,Current,https://bluebutton.cms.gov/resources/codesystem/identifier-currency
119,-10000000000019,http://hl7.org/fhir/sid/us-mbi,1S00E00AA19,https://bluebutton.cms.gov/resources/codesystem/identifier-currency,current,Current,https://bluebutton.cms.gov/resources/codesystem/identifier-currency
120,-10000000000087,https://bluebutton.cms.gov/resources/variables/bene_id,-10000000000087,https://bluebutton.cms.gov/resources/codesystem/identifier-currency,current,Current,https://bluebutton.cms.gov/resources/codesystem/identifier-currency
121,-10000000000087,https://bluebutton.cms.gov/resources/identifier/mbi-hash,e30cee495d1e85a8fa0cc0a7d6e7b089c710d68e49c7fd18a92d3040b1667575,https://bluebutton.cms.gov/resources/codesystem/identifier-currency,current,Current,https://bluebutton.cms.gov/resources/codesystem/identifier-currency
122,-10000000000087,http://hl7.org/fhir/sid/us-mbi,1S00E00AA87,https://bluebutton.cms.gov/resources/codesystem/identifier-currency,current,Current,https://bluebutton.cms.gov/resources/codesystem/identifier-currency
123,-10000000000079,https://bluebutton.cms.gov/resources/variables/bene_id,-10000000000079,https://bluebutton.cms.gov/resources/codesystem/identifier-currency,current,Current,https://bluebutton.cms.gov/resources/codesystem/identifier-currency
124,-10000000000079,https://bluebutton.cms.gov/resources/identifier/mbi-hash,26dc0f42edd72117ee3c26b9b02c39d2ca5bc798241acefb57e644b652325899,https://bluebutton.cms.gov/resources/codesystem/identifier-currency,current,Current,https://bluebutton.cms.gov/resources/codesystem/identifier-currency
125,-10000000000079,http://hl7.org/fhir/sid/us-mbi,1S00E00AA79,https://bluebutton.cms.gov/resources/codesystem/identifier-currency,current,Current,https://bluebutton.cms.gov/resources/codesystem/identifier-currency
126,-10000000000005,https://bluebutton.cms.gov/resources/variables/bene_id,-10000000000005,https://bluebutton.cms.gov/resources/codesystem/identifier-currency,current,Current,https://bluebutton.cms.gov/resources/codesystem/identifier-currency
127,-10000000000005,https://bluebutton.cms.gov/resources/identifier/mbi-hash,8e7c3da60acfd4a27713dc7a9258ac4ffe4758c4416671f5ff423088496b3288,https://bluebutton.cms.gov/resources/codesystem/identifier-currency,current,Current,https://bluebutton.cms.gov/resources/codesystem/identifier-currency
128,-10000000000005,http://hl7.org/fhir/sid/us-mbi,1S00E00AA05,https://bluebutton.cms.gov/resources/codesystem/identifier-currency,current,Current,https://bluebutton.cms.gov/resources/codesystem/identifier-currency
129,-10000000000035,https://bluebutton.cms.gov/resources/variables/bene_id,-10000000000035,https://bluebutton.cms.gov/resources/codesystem/identifier-currency,current,Current,https://bluebutton.cms.gov/resources/codesystem/identifier-currency
130,-10000000000035,https://bluebutton.cms.gov/resources/identifier/mbi-hash,029fe14206b2a97e2ed155868fedc3864b092c5110510f232ed796fc1f15ca73,https://bluebutton.cms.gov/resources/codesystem/identifier-currency,current,Current,https://bluebutton.cms.gov/resources/codesystem/identifier-currency
131,-10000000000035,http://hl7.org/fhir/sid/us-mbi,1S00E00AA35,https://bluebutton.cms.gov/resources/codesystem/identifier-currency,current,Current,https://bluebutton.cms.gov/resources/codesystem/identifier-currency
132,-10000000000056,https://bluebutton.cms.gov/resources/variables/bene_id,-10000000000056,https://bluebutton.cms.gov/resources/codesystem/identifier-currency,current,Current,https://bluebutton.cms.gov/resources/codesystem/identifier-currency
133,-10000000000056,https://bluebutton.cms.gov/resources/identifier/mbi-hash,bcb606c89a75a0f9ac74889ba2f77ef06fbb03d8e6a95c90656f29840c99f971,https://bluebutton.cms.gov/resources/codesystem/identifier-currency,current,Current,https://bluebutton.cms.gov/resources/codesystem/identifier-currency
134,-10000000000056,http://hl7.org/fhir/sid/us-mbi,1S00E00AA56,https://bluebutton.cms.gov/resources/codesystem/identifier-currency,current,Current,https://bluebutton.cms.gov/resources/codesystem/identifier-currency
135,-10000000000034,https://bluebutton.cms.gov/resources/variables/bene_id,-10000000000034,https://bluebutton.cms.gov/resources/codesystem/identifier-currency,current,Current,https://bluebutton.cms.gov/resources/codesystem/identifier-currency
136,-10000000000034,https://bluebutton.cms.gov/resources/identifier/mbi-hash,9c65cbdd88f5f7d7373eaac5f05a9b64a894f4425c9859b177bf9903f44d4ac3,https://bluebutton.cms.gov/resources/codesystem/identifier-currency,current,Current,https://bluebutton.cms.gov/resources/codesystem/identifier-currency
137,-10000000000034,http://hl7.org/fhir/sid/us-mbi,1S00E00AA34,https://bluebutton.cms.gov/resources/codesystem/identifier-currency,current,Current,https://bluebutton.cms.gov/resources/codesystem/identifier-currency
138,-10000000000015,https://bluebutton.cms.gov/resources/variables/bene_id,-10000000000015,https://bluebutton.cms.gov/resources/codesystem/identifier-currency,current,Current,https://bluebutton.cms.gov/resources/codesystem/identifier-currency
139,-10000000000015,https://bluebutton.cms.gov/resources/identifier/mbi-hash,969ddbb51a0718fe194213633447d4f9669842aee34cc0d8e16aeae53ed8d9d7,https://bluebutton.cms.gov/resources/codesystem/identifier-currency,current,Current,https://bluebutton.cms.gov/resources/codesystem/identifier-currency
140,-10000000000015,http://hl7.org/fhir/sid/us-mbi,1S00E00AA15,https://bluebutton.cms.gov/resources/codesystem/identifier-currency,current,Current,https://bluebutton.cms.gov/resources/codesystem/identifier-currency
141,-10000000000057,https://bluebutton.cms.gov/resources/variables/bene_id,-10000000000057,https://bluebutton.cms.gov/resources/codesystem/identifier-currency,current,Current,https://bluebutton.cms.gov/resources/codesystem/identifier-currency
142,-10000000000057,https://bluebutton.cms.gov/resources/identifier/mbi-hash,24f25766490a09f90e90ac0814a2e6dacbcf46cbd91a14752b1ad8a70528de0f,https://bluebutton.cms.gov/resources/codesystem/identifier-currency,current,Current,https://bluebutton.cms.gov/resources/codesystem/identifier-currency
143,-10000000000057,http://hl7.org/fhir/sid/us-mbi,1S00E00AA57,https://bluebutton.cms.gov/resources/codesystem/identifier-currency,current,Current,https://bluebutton.cms.gov/resources/codesystem/identifier-currency
144,-10000000000045,https://bluebutton.cms.gov/resources/variables/bene_id,-10000000000045,https://bluebutton.cms.gov/resources/codesystem/identifier-currency,current,Current,https://bluebutton.cms.gov/resources/codesystem/identifier-currency
145,-10000000000045,https://bluebutton.cms.gov/resources/identifier/mbi-hash,aa0c872a126ff6fb6dec6ca7f3fba77f48ec36f5944120ff2da41c57b5765d24,https://bluebutton.cms.gov/resources/codesystem/identifier-currency,current,Current,https://bluebutton.cms.gov/resources/codesystem/identifier-currency
146,-10000000000045,http://hl7.org/fhir/sid/us-mbi,1S00E00AA45,https://bluebutton.cms.gov/resources/codesystem/identifier-currency,current,Current,https://bluebutton.cms.gov/resources/codesystem/identifier-currency
147,-10000000000037,https://bluebutton.cms.gov/resources/variables/bene_id,-10000000000037,https://bluebutton.cms.gov/resources/codesystem/identifier-currency,current,Current,https://bluebutton.cms.gov/resources/codesystem/identifier-currency
148,-10000000000037,https://bluebutton.cms.gov/resources/identifier/mbi-hash,4ebcd90d4d7ba7ba144e70363c042b1a9a55b22a5f63cd2dd031a95a832c76ea,https://bluebutton.cms.gov/resources/codesystem/identifier-currency,current,Current,https://bluebutton.cms.gov/resources/codesystem/identifier-currency
149,-10000000000037,http://hl7.org/fhir/sid/us-mbi,1S00E00AA37,https://bluebutton.cms.gov/resources/codesystem/identifier-currency,current,Current,https://bluebutton.cms.gov/resources/codesystem/identifier-currency
150,-10000000000094,https://bluebutton.cms.gov/resources/variables/bene_id,-10000000000094,https://bluebutton.cms.gov/resources/codesystem/identifier-currency,current,Current,https://bluebutton.cms.gov/resources/codesystem/identifier-currency
151,-10000000000094,https://bluebutton.cms.gov/resources/identifier/mbi-hash,f38cc8de4331c0bb18f04d0e2e228876101c22354f4ee966bbeb097104f0e306,https://bluebutton.cms.gov/resources/codesystem/identifier-currency,current,Current,https://bluebutton.cms.gov/resources/codesystem/identifier-currency
152,-10000000000094,http://hl7.org/fhir/sid/us-mbi,1S00E00AA94,https://bluebutton.cms.gov/resources/codesystem/identifier-currency,current,Current,https://bluebutton.cms.gov/resources/codesystem/identifier-currency
153,-10000000000067,https://bluebutton.cms.gov/resources/variables/bene_id,-10000000000067,https://bluebutton.cms.gov/resources/codesystem/identifier-currency,current,Current,https://bluebutton.cms.gov/resources/codesystem/identifier-currency
154,-10000000000067,https://bluebutton.cms.gov/resources/identifier/mbi-hash,3cbc691291770c0da1351c72c4fa0293795f087e6219cb92bd928a87a20be5ea,https://bluebutton.cms.gov/resources/codesystem/identifier-currency,current,Current,https://bluebutton.cms.gov/resources/codesystem/identifier-currency
155,-10000000000067,http://hl7.org/fhir/sid/us-mbi,1S00E00AA67,https://bluebutton.cms.gov/resources/codesystem/identifier-currency,current,Current,https://bluebutton.cms.gov/resources/codesystem/identifier-currency
156,-10000000000088,https://bluebutton.cms.gov/resources/variables/bene_id,-10000000000088,https://bluebutton.cms.gov/resources/codesystem/identifier-currency,current,Current,https://bluebutton.cms.gov/resources/codesystem/identifier-currency
157,-10000000000088,https://bluebutton.cms.gov/resources/identifier/mbi-hash,dfa2e133ab0e0d3275fa4dd1400934fc1942cc49ff2ee9c1d6e663908ed5c215,https://bluebutton.cms.gov/resources/codesystem/identifier-currency,current,Current,https://bluebutton.cms.gov/resources/codesystem/identifier-currency
158,-10000000000088,http://hl7.org/fhir/sid/us-mbi,1S00E00AA88,https://bluebutton.cms.gov/resources/codesystem/identifier-currency,current,Current,https://bluebutton.cms.gov/resources/codesystem/identifier-currency
159,-10000000000072,https://bluebutton.cms.gov/resources/variables/bene_id,-10000000000072,https://bluebutton.cms.gov/resources/codesystem/identifier-currency,current,Current,https://bluebutton.cms.gov/resources/codesystem/identifier-currency
160,-10000000000072,https://bluebutton.cms.gov/resources/identifier/mbi-hash,2b9c032fb699ab0bf96de90210862b2f43ea3e14a26ed9a002c86df635936504,https://bluebutton.cms.gov/resources/codesystem/identifier-currency,current,Current,https://bluebutton.cms.gov/resources/codesystem/identifier-currency
161,-10000000000072,http://hl7.org/fhir/sid/us-mbi,1S00E00AA72,https://bluebutton.cms.gov/resources/codesystem/identifier-currency,current,Current,https://bluebutton.cms.gov/resources/codesystem/identifier-currency
162,-10000000000026,https://bluebutton.cms.gov/resources/variables/bene_id,-10000000000026,https://bluebutton.cms.gov/resources/codesystem/identifier-currency,current,Current,https://bluebutton.cms.gov/resources/codesystem/identifier-currency
163,-10000000000026,https://bluebutton.cms.gov/resources/identifier/mbi-hash,352d5aeea5dfddb8927cae47f76273eb02fee367174568579c7407c6bc979201,https://bluebutton.cms.gov/resources/codesystem/identifier-currency,current,Current,https://bluebutton.cms.gov/resources/codesystem/identifier-currency
164,-10000000000026,http://hl7.org/fhir/sid/us-mbi,1S00E00AA26,https://bluebutton.cms.gov/resources/codesystem/identifier-currency,current,Current,https://bluebutton.cms.gov/resources/codesystem/identifier-currency
165,-10000000000038,https://bluebutton.cms.gov/resources/variables/bene_id,-10000000000038,https://bluebutton.cms.gov/resources/codesystem/identifier-currency,current,Current,https://bluebutton.cms.gov/resources/codesystem/identifier-currency
166,-10000000000038,https://bluebutton.cms.gov/resources/identifier/mbi-hash,601907214b0688b084269028d649fbaef04db7c707f686d372dab53462201974,https://bluebutton.cms.gov/resources/codesystem/identifier-currency,current,Current,https://bluebutton.cms.gov/resources/codesystem/identifier-currency
167,-10000000000038,http://hl7.org/fhir/sid/us-mbi,1S00E00AA38,https://bluebutton.cms.gov/resources/codesystem/identifier-currency,current,Current,https://bluebutton.cms.gov/resources/codesystem/identifier-currency
168,-10000000000048,https://bluebutton.cms.gov/resources/variables/bene_id,-10000000000048,https://bluebutton.cms.gov/resources/codesystem/identifier-currency,current,Current,https://bluebutton.cms.gov/resources/codesystem/identifier-currency
169,-10000000000048,https://bluebutton.cms.gov/resources/identifier/mbi-hash,7d14936582cc1f2671f4fceebc4b8ea3b6323cc983a8264c2383a2ce5c357077,https://bluebutton.cms.gov/resources/codesystem/identifier-currency,current,Current,https://bluebutton.cms.gov/resources/codesystem/identifier-currency
170,-10000000000048,http://hl7.org/fhir/sid/us-mbi,1S00E00AA48,https://bluebutton.cms.gov/resources/codesystem/identifier-currency,current,Current,https://bluebutton.cms.gov/resources/codesystem/identifier-currency
171,-10000000000007,https://bluebutton.cms.gov/resources/variables/bene_id,-10000000000007,https://bluebutton.cms.gov/resources/codesystem/identifier-currency,current,Current,https://bluebutton.cms.gov/resources/codesystem/identifier-currency
172,-10000000000007,https://bluebutton.cms.gov/resources/identifier/mbi-hash,79d88b4723ffe0418b4ffa4ef7dc3a6f30cc74e66fd26e277c9305ca75c5d1ef,https://bluebutton.cms.gov/resources/codesystem/identifier-currency,current,Current,https://bluebutton.cms.gov/resources/codesystem/identifier-currency
173,-10000000000007,http://hl7.org/fhir/sid/us-mbi,1S00E00AA07,https://bluebutton.cms.gov/resources/codesystem/identifier-currency,current,Current,https://bluebutton.cms.gov/resources/codesystem/identifier-currency
174,-10000000000099,https://bluebutton.cms.gov/resources/variables/bene_id,-10000000000099,https://bluebutton.cms.gov/resources/codesystem/identifier-currency,current,Current,https://bluebutton.cms.gov/resources/codesystem/identifier-currency
175,-10000000000099,https://bluebutton.cms.gov/resources/identifier/mbi-hash,f0ee9f4420bc86a20937a2405b77adb1d8cb495920ba0c29e3ea8124fdc9fb4a,https://bluebutton.cms.gov/resources/codesystem/identifier-currency,current,Current,https://bluebutton.cms.gov/resources/codesystem/identifier-currency
176,-10000000000099,http://hl7.org/fhir/sid/us-mbi,1S00E00AA99,https://bluebutton.cms.gov/resources/codesystem/identifier-currency,current,Current,https://bluebutton.cms.gov/resources/codesystem/identifier-currency
177,-10000000000016,https://bluebutton.cms.gov/resources/variables/bene_id,-10000000000016,https://bluebutton.cms.gov/resources/codesystem/identifier-currency,current,Current,https://bluebutton.cms.gov/resources/codesystem/identifier-currency
178,-10000000000016,https://bluebutton.cms.gov/resources/identifier/mbi-hash,defb20c0b7765fb2fc75918cbc88d0feb09cbc3e227e11cc44014d42f8f5e3e1,https://bluebutton.cms.gov/resources/codesystem/identifier-currency,current,Current,https://bluebutton.cms.gov/resources/codesystem/identifier-currency
179,-10000000000016,http://hl7.org/fhir/sid/us-mbi,1S00E00AA16,https://bluebutton.cms.gov/resources/codesystem/identifier-currency,current,Current,https://bluebutton.cms.gov/resources/codesystem/identifier-currency
180,-10000000000004,https://bluebutton.cms.gov/resources/variables/bene_id,-10000000000004,https://bluebutton.cms.gov/resources/codesystem/identifier-currency,current,Current,https://bluebutton.cms.gov/resources/codesystem/identifier-currency
181,-10000000000004,https://bluebutton.cms.gov/resources/identifier/mbi-hash,d8d51fdac173a92065654bead47d678dc18bb473c06be14de2a67a2ef0be4ef1,https://bluebutton.cms.gov/resources/codesystem/identifier-currency,current,Current,https://bluebutton.cms.gov/resources/codesystem/identifier-currency
182,-10000000000004,http://hl7.org/fhir/sid/us-mbi,1S00E00AA04,https://bluebutton.cms.gov/resources/codesystem/identifier-currency,current,Current,https://bluebutton.cms.gov/resources/codesystem/identifier-currency
183,-10000000000001,https://bluebutton.cms.gov/resources/variables/bene_id,-10000000000001,https://bluebutton.cms.gov/resources/codesystem/identifier-currency,current,Current,https://bluebutton.cms.gov/resources/codesystem/identifier-currency
184,-10000000000001,https://bluebutton.cms.gov/resources/identifier/mbi-hash,ff16e456d68f085c96f0617db7fcc3b1df1c4ea469c583160e445bc7a2c0b455,https://bluebutton.cms.gov/resources/codesystem/identifier-currency,current,Current,https://bluebutton.cms.gov/resources/codesystem/identifier-currency
185,-10000000000001,http://hl7.org/fhir/sid/us-mbi,1S00E00AA02,https://bluebutton.cms.gov/resources/codesystem/identifier-currency,current,Current,https://bluebutton.cms.gov/resources/codesystem/identifier-currency
186,-10000000000030,https://bluebutton.cms.gov/resources/variables/bene_id,-10000000000030,https://bluebutton.cms.gov/resources/codesystem/identifier-currency,current,Current,https://bluebutton.cms.gov/resources/codesystem/identifier-currency
187,-10000000000030,https://bluebutton.cms.gov/resources/identifier/mbi-hash,1726b952f6fec4cac1d51265722b8a15ed3d4c7a4dd91baf738ec26efd51e912,https://bluebutton.cms.gov/resources/codesystem/identifier-currency,current,Current,https://bluebutton.cms.gov/resources/codesystem/identifier-currency
188,-10000000000030,http://hl7.org/fhir/sid/us-mbi,1S00E00AA30,https://bluebutton.cms.gov/resources/codesystem/identifier-currency,current,Current,https://bluebutton.cms.gov/resources/codesystem/identifier-currency
189,-10000000000081,https://bluebutton.cms.gov/resources/variables/bene_id,-10000000000081,https://bluebutton.cms.gov/resources/codesystem/identifier-currency,current,Current,https://bluebutton.cms.gov/resources/codesystem/identifier-currency
190,-10000000000081,https://bluebutton.cms.gov/resources/identifier/mbi-hash,6290a62162d60a1119208752fb68e17b2554ce603fc533f75f9cb9a2991d2a66,https://bluebutton.cms.gov/resources/codesystem/identifier-currency,current,Current,https://bluebutton.cms.gov/resources/codesystem/identifier-currency
191,-10000000000081,http://hl7.org/fhir/sid/us-mbi,1S00E00AA81,https://bluebutton.cms.gov/resources/codesystem/identifier-currency,current,Current,https://bluebutton.cms.gov/resources/codesystem/identifier-currency
192,-10000000000078,https://bluebutton.cms.gov/resources/variables/bene_id,-10000000000078,https://bluebutton.cms.gov/resources/codesystem/identifier-currency,current,Current,https://bluebutton.cms.gov/resources/codesystem/identifier-currency
193,-10000000000078,https://bluebutton.cms.gov/resources/identifier/mbi-hash,3498961df327dc87f2298aa1f9235d9549af0f578f1a7ae09e9314f6e478c453,https://bluebutton.cms.gov/resources/codesystem/identifier-currency,current,Current,https://bluebutton.cms.gov/resources/codesystem/identifier-currency
194,-10000000000078,http://hl7.org/fhir/sid/us-mbi,1S00E00AA78,https://bluebutton.cms.gov/resources/codesystem/identifier-currency,current,Current,https://bluebutton.cms.gov/resources/codesystem/identifier-currency
195,-10000000000043,https://bluebutton.cms.gov/resources/variables/bene_id,-10000000000043,https://bluebutton.cms.gov/resources/codesystem/identifier-currency,current,Current,https://bluebutton.cms.gov/resources/codesystem/identifier-currency
196,-10000000000043,https://bluebutton.cms.gov/resources/identifier/mbi-hash,738a871a832c266d01344aab25edf9e6c3db80b491fbe5c50955fe334f70155d,https://bluebutton.cms.gov/resources/codesystem/identifier-currency,current,Current,https://bluebutton.cms.gov/resources/codesystem/identifier-currency
197,-10000000000043,http://hl7.org/fhir/sid/us-mbi,1S00E00AA43,https://bluebutton.cms.gov/resources/codesystem/identifier-currency,current,Current,https://bluebutton.cms.gov/resources/codesystem/identifier-currency
198,-10000000000024,https://bluebutton.cms.gov/resources/variables/bene_id,-10000000000024,https://bluebutton.cms.gov/resources/codesystem/identifier-currency,current,Current,https://bluebutton.cms.gov/resources/codesystem/identifier-currency
199,-10000000000024,https://bluebutton.cms.gov/resources/identifier/mbi-hash,28f636ce152cd2ee41e2a547146461e081b09c6c8eaeedd958b20300cdbd5283,https://bluebutton.cms.gov/resources/codesystem/identifier-currency,current,Current,https://bluebutton.cms.gov/resources/codesystem/identifier-currency
200,-10000000000024,http://hl7.org/fhir/sid/us-mbi,1S00E00AA24,https://bluebutton.cms.gov/resources/codesystem/identifier-currency,current,Current,https://bluebutton.cms.gov/resources/codesystem/identifier-currency
201,-10000000000033,https://bluebutton.cms.gov/resources/variables/bene_id,-10000000000033,https://bluebutton.cms.gov/resources/codesystem/identifier-currency,current,Current,https://bluebutton.cms.gov/resources/codesystem/identifier-currency
202,-10000000000033,https://bluebutton.cms.gov/resources/identifier/mbi-hash,cff608549f9daf61de5f9002e6cae5001318a828cffc91ef7ec997b9c4ed50f4,https://bluebutton.cms.gov/resources/codesystem/identifier-currency,current,Current,https://bluebutton.cms.gov/resources/codesystem/identifier-currency
203,-10000000000033,http://hl7.org/fhir/sid/us-mbi,1S00E00AA33,https://bluebutton.cms.gov/resources/codesystem/identifier-currency,current,Current,https://bluebutton.cms.gov/resources/codesystem/identifier-currency
204,-10000000000042,https://bluebutton.cms.gov/resources/variables/bene_id,-10000000000042,https://bluebutton.cms.gov/resources/codesystem/identifier-currency,current,Current,https://bluebutton.cms.gov/resources/codesystem/identifier-currency
205,-10000000000042,https://bluebutton.cms.gov/resources/identifier/mbi-hash,d840bf5bccd64cafcfa7bb6e3f5cca6388e10bae0a15f1471070fed4ea07bda7,https://bluebutton.cms.gov/resources/codesystem/identifier-currency,current,Current,https://bluebutton.cms.gov/resources/codesystem/identifier-currency
206,-10000000000042,http://hl7.org/fhir/sid/us-mbi,1S00E00AA42,https://bluebutton.cms.gov/resources/codesystem/identifier-currency,current,Current,https://bluebutton.cms.gov/resources/codesystem/identifier-currency
207,-10000000000032,https://bluebutton.cms.gov/resources/variables/bene_id,-10000000000032,https://bluebutton.cms.gov/resources/codesystem/identifier-currency,current,Current,https://bluebutton.cms.gov/resources/codesystem/identifier-currency
208,-10000000000032,https://bluebutton.cms.gov/resources/identifier/mbi-hash,a1a2bbd5f9e809ee9c7a23a38baeebce78221a74374e2fbe5567c8a219b4a0f6,https://bluebutton.cms.gov/resources/codesystem/identifier-currency,current,Current,https://bluebutton.cms.gov/resources/codesystem/identifier-currency
209,-10000000000032,http://hl7.org/fhir/sid/us-mbi,1S00E00AA32,https://bluebutton.cms.gov/resources/codesystem/identifier-currency,current,Current,https://bluebutton.cms.gov/resources/codesystem/identifier-currency
210,-10000000000023,https://bluebutton.cms.gov/resources/variables/bene_id,-10000000000023,https://bluebutton.cms.gov/resources/codesystem/identifier-currency,current,Current,https://bluebutton.cms.gov/resources/codesystem/identifier-currency
211,-10000000000023,https://bluebutton.cms.gov/resources/identifier/mbi-hash,a4c508bdac475ae40b4966da120cba58b3def1a33568dc528d7967ccb32bfd15,https://bluebutton.cms.gov/resources/codesystem/identifier-currency,current,Current,https://bluebutton.cms.gov/resources/codesystem/identifier-currency
212,-10000000000023,http://hl7.org/fhir/sid/us-mbi,1S00E00AA23,https://bluebutton.cms.gov/resources/codesystem/identifier-currency,current,Current,https://bluebutton.cms.gov/resources/codesystem/identifier-currency
213,-10000000000058,https://bluebutton.cms.gov/resources/variables/bene_id,-10000000000058,https://bluebutton.cms.gov/resources/codesystem/identifier-currency,current,Current,https://bluebutton.cms.gov/resources/codesystem/identifier-currency
214,-10000000000058,https://bluebutton.cms.gov/resources/identifier/mbi-hash,12f60d824954a17cf2c0d004ce070f4d9b1b598393532ef32196357f1461d576,https://bluebutton.cms.gov/resources/codesystem/identifier-currency,current,Current,https://bluebutton.cms.gov/resources/codesystem/identifier-currency
215,-10000000000058,http://hl7.org/fhir/sid/us-mbi,1S00E00AA58,https://bluebutton.cms.gov/resources/codesystem/identifier-currency,current,Current,https://bluebutton.cms.gov/resources/codesystem/identifier-currency
216,-10000000000046,https://bluebutton.cms.gov/resources/variables/bene_id,-10000000000046,https://bluebutton.cms.gov/resources/codesystem/identifier-currency,current,Current,https://bluebutton.cms.gov/resources/codesystem/identifier-currency
217,-10000000000046,https://bluebutton.cms.gov/resources/identifier/mbi-hash,42f268b1722b1a4d13df474a503f84af696a17643422d706bf6a43cfc6d041ac,https://bluebutton.cms.gov/resources/codesystem/identifier-currency,current,Current,https://bluebutton.cms.gov/resources/codesystem/identifier-currency
218,-10000000000046,http://hl7.org/fhir/sid/us-mbi,1S00E00AA46,https://bluebutton.cms.gov/resources/codesystem/identifier-currency,current,Current,https://bluebutton.cms.gov/resources/codesystem/identifier-currency
219,-10000000000021,https://bluebutton.cms.gov/resources/variables/bene_id,-10000000000021,https://bluebutton.cms.gov/resources/codesystem/identifier-currency,current,Current,https://bluebutton.cms.gov/resources/codesystem/identifier-currency
220,-10000000000021,https://bluebutton.cms.gov/resources/identifier/mbi-hash,5e84167703db4bd85bc8cfce8dd32f69059a0fcbf31bec4034e0e9da8532b64d,https://bluebutton.cms.gov/resources/codesystem/identifier-currency,current,Current,https://bluebutton.cms.gov/resources/codesystem/identifier-currency
221,-10000000000021,http://hl7.org/fhir/sid/us-mbi,1S00E00AA21,https://bluebutton.cms.gov/resources/codesystem/identifier-currency,current,Current,https://bluebutton.cms.gov/resources/codesystem/identifier-currency
222,-10000000000011,https://bluebutton.cms.gov/resources/variables/bene_id,-10000000000011,https://bluebutton.cms.gov/resources/codesystem/identifier-currency,current,Current,https://bluebutton.cms.gov/resources/codesystem/identifier-currency
223,-10000000000011,https://bluebutton.cms.gov/resources/identifier/mbi-hash,cc91e2b1285f175335081689c2109d97b79ec55b324c08ba6d69d59e3f00607a,https://bluebutton.cms.gov/resources/codesystem/identifier-currency,current,Current,https://bluebutton.cms.gov/resources/codesystem/identifier-currency
224,-10000000000011,http://hl7.org/fhir/sid/us-mbi,1S00E00AA11,https://bluebutton.cms.gov/resources/codesystem/identifier-currency,current,Current,https://bluebutton.cms.gov/resources/codesystem/identifier-currency
225,-10000000000083,https://bluebutton.cms.gov/resources/variables/bene_id,-10000000000083,https://bluebutton.cms.gov/resources/codesystem/identifier-currency,current,Current,https://bluebutton.cms.gov/resources/codesystem/identifier-currency
226,-10000000000083,https://bluebutton.cms.gov/resources/identifier/mbi-hash,06332c2f2385a7fd5c982a1ea55451849bd92cac7429a454ca479f8dfc57b7f8,https://bluebutton.cms.gov/resources/codesystem/identifier-currency,current,Current,https://bluebutton.cms.gov/resources/codesystem/identifier-currency
227,-10000000000083,http://hl7.org/fhir/sid/us-mbi,1S00E00AA83,https://bluebutton.cms.gov/resources/codesystem/identifier-currency,current,Current,https://bluebutton.cms.gov/resources/codesystem/identifier-currency
228,-10000000000025,https://bluebutton.cms.gov/resources/variables/bene_id,-10000000000025,https://bluebutton.cms.gov/resources/codesystem/identifier-currency,current,Current,https://bluebutton.cms.gov/resources/codesystem/identifier-currency
229,-10000000000025,https://bluebutton.cms.gov/resources/identifier/mbi-hash,4dd837f82eed17e32af505660db07d8993ef54ca334944c4032a9813c6c3c231,https://bluebutton.cms.gov/resources/codesystem/identifier-currency,current,Current,https://bluebutton.cms.gov/resources/codesystem/identifier-currency
230,-10000000000025,http://hl7.org/fhir/sid/us-mbi,1S00E00AA25,https://bluebutton.cms.gov/resources/codesystem/identifier-currency,current,Current,https://bluebutton.cms.gov/resources/codesystem/identifier-currency
231,-10000000000002,https://bluebutton.cms.gov/resources/variables/bene_id,-10000000000002,https://bluebutton.cms.gov/resources/codesystem/identifier-currency,current,Current,https://bluebutton.cms.gov/resources/codesystem/identifier-currency
232,-10000000000002,https://bluebutton.cms.gov/resources/identifier/mbi-hash,74c7019a8bbfd08741233982c648b06e27613a007a708946ef45a8f64c22afdb,https://bluebutton.cms.gov/resources/codesystem/identifier-currency,current,Current,https://bluebutton.cms.gov/resources/codesystem/identifier-currency
233,-10000000000002,http://hl7.org/fhir/sid/us-mbi,1S00E00AA03,https://bluebutton.cms.gov/resources/codesystem/identifier-currency,current,Current,https://bluebutton.cms.gov/resources/codesystem/identifier-currency
234,-10000000000076,https://bluebutton.cms.gov/resources/variables/bene_id,-10000000000076,https://bluebutton.cms.gov/resources/codesystem/identifier-currency,current,Current,https://bluebutton.cms.gov/resources/codesystem/identifier-currency
235,-10000000000076,https://bluebutton.cms.gov/resources/identifier/mbi-hash,635508b624763ba57e0717635f92b91abbad377731fa2ff88c61f2e7cec3e128,https://bluebutton.cms.gov/resources/codesystem/identifier-currency,current,Current,https://bluebutton.cms.gov/resources/codesystem/identifier-currency
236,-10000000000076,http://hl7.org/fhir/sid/us-mbi,1S00E00AA76,https://bluebutton.cms.gov/resources/codesystem/identifier-currency,current,Current,https://bluebutton.cms.gov/resources/codesystem/identifier-currency
237,-10000000000071,https://bluebutton.cms.gov/resources/variables/bene_id,-10000000000071,https://bluebutton.cms.gov/resources/codesystem/identifier-currency,current,Current,https://bluebutton.cms.gov/resources/codesystem/identifier-currency
238,-10000000000071,https://bluebutton.cms.gov/resources/identifier/mbi-hash,e4656b9b5cf11876a7bfd9f3aa1c9175cf30fe1c3e4e16e1800ac28753749cea,https://bluebutton.cms.gov/resources/codesystem/identifier-currency,current,Current,https://bluebutton.cms.gov/resources/codesystem/identifier-currency
239,-10000000000071,http://hl7.org/fhir/sid/us-mbi,1S00E00AA71,https://bluebutton.cms.gov/resources/codesystem/identifier-currency,current,Current,https://bluebutton.cms.gov/resources/codesystem/identifier-currency
240,-10000000000020,https://bluebutton.cms.gov/resources/variables/bene_id,-10000000000020,https://bluebutton.cms.gov/resources/codesystem/identifier-currency,current,Current,https://bluebutton.cms.gov/resources/codesystem/identifier-currency
241,-10000000000020,https://bluebutton.cms.gov/resources/identifier/mbi-hash,e6e4a7493a0186d08afa620a5bde80c984ad2d008ce201621a64af72ca516cd7,https://bluebutton.cms.gov/resources/codesystem/identifier-currency,current,Current,https://bluebutton.cms.gov/resources/codesystem/identifier-currency
242,-10000000000020,http://hl7.org/fhir/sid/us-mbi,1S00E00AA20,https://bluebutton.cms.gov/resources/codesystem/identifier-currency,current,Current,https://bluebutton.cms.gov/resources/codesystem/identifier-currency
243,-10000000000044,https://bluebutton.cms.gov/resources/variables/bene_id,-10000000000044,https://bluebutton.cms.gov/resources/codesystem/identifier-currency,current,Current,https://bluebutton.cms.gov/resources/codesystem/identifier-currency
244,-10000000000044,https://bluebutton.cms.gov/resources/identifier/mbi-hash,4f3e5b43f7a6e56e6cdc5b621ac69c1e6462fa5f83141a08ded7cb3f59d099b1,https://bluebutton.cms.gov/resources/codesystem/identifier-currency,current,Current,https://bluebutton.cms.gov/resources/codesystem/identifier-currency
245,-10000000000044,http://hl7.org/fhir/sid/us-mbi,1S00E00AA44,https://bluebutton.cms.gov/resources/codesystem/identifier-currency,current,Current,https://bluebutton.cms.gov/resources/codesystem/identifier-currency
246,-10000000000065,https://bluebutton.cms.gov/resources/variables/bene_id,-10000000000065,https://bluebutton.cms.gov/resources/codesystem/identifier-currency,current,Current,https://bluebutton.cms.gov/resources/codesystem/identifier-currency
247,-10000000000065,https://bluebutton.cms.gov/resources/identifier/mbi-hash,39290e63285f4205f8e0ffc37dd1f479b16bc7f5b6dd3d1e5fbac5cbacff7b01,https://bluebutton.cms.gov/resources/codesystem/identifier-currency,current,Current,https://bluebutton.cms.gov/resources/codesystem/identifier-currency
248,-10000000000065,http://hl7.org/fhir/sid/us-mbi,1S00E00AA65,https://bluebutton.cms.gov/resources/codesystem/identifier-currency,current,Current,https://bluebutton.cms.gov/resources/codesystem/identifier-currency
249,-10000000000017,https://bluebutton.cms.gov/resources/variables/bene_id,-10000000000017,https://bluebutton.cms.gov/resources/codesystem/identifier-currency,current,Current,https://bluebutton.cms.gov/resources/codesystem/identifier-currency
250,-10000000000017,https://bluebutton.cms.gov/resources/identifier/mbi-hash,9b4a5d782fdc996243e1dde086b66f0705bbe8b88fa62c80a49ab2623431facc,https://bluebutton.cms.gov/resources/codesystem/identifier-currency,current,Current,https://bluebutton.cms.gov/resources/codesystem/identifier-currency
251,-10000000000017,http://hl7.org/fhir/sid/us-mbi,1S00E00AA17,https://bluebutton.cms.gov/resources/codesystem/identifier-currency,current,Current,https://bluebutton.cms.gov/resources/codesystem/identifier-currency
252,-10000000000040,https://bluebutton.cms.gov/resources/variables/bene_id,-10000000000040,https://bluebutton.cms.gov/resources/codesystem/identifier-currency,current,Current,https://bluebutton.cms.gov/resources/codesystem/identifier-currency
253,-10000000000040,https://bluebutton.cms.gov/resources/identifier/mbi-hash,b5b4dfadb5e590aba154a66cea6403bfa4658d062447c6f53702eba9df6be825,https://bluebutton.cms.gov/resources/codesystem/identifier-currency,current,Current,https://bluebutton.cms.gov/resources/codesystem/identifier-currency
254,-10000000000040,http://hl7.org/fhir/sid/us-mbi,1S00E00AA40,https://bluebutton.cms.gov/resources/codesystem/identifier-currency,current,Current,https://bluebutton.cms.gov/resources/codesystem/identifier-currency
255,-10000000000018,https://bluebutton.cms.gov/resources/variables/bene_id,-10000000000018,https://bluebutton.cms.gov/resources/codesystem/identifier-currency,current,Current,https://bluebutton.cms.gov/resources/codesystem/identifier-currency
256,-10000000000018,https://bluebutton.cms.gov/resources/identifier/mbi-hash,502ec2924e07e94feb870636c8a0cd6e377b124bfb4c70b977f31016c5cfb29e,https://bluebutton.cms.gov/resources/codesystem/identifier-currency,current,Current,https://bluebutton.cms.gov/resources/codesystem/identifier-currency
257,-10000000000018,http://hl7.org/fhir/sid/us-mbi,1S00E00AA18,https://bluebutton.cms.gov/resources/codesystem/identifier-currency,current,Current,https://bluebutton.cms.gov/resources/codesystem/identifier-currency
258,-10000000000093,https://bluebutton.cms.gov/resources/variables/bene_id,-10000000000093,https://bluebutton.cms.gov/resources/codesystem/identifier-currency,current,Current,https://bluebutton.cms.gov/resources/codesystem/identifier-currency
259,-10000000000093,https://bluebutton.cms.gov/resources/identifier/mbi-hash,b0dc1c72022af9a46e17c28f0dc9810871ea820fc5f13d919bb92e411ff1d7a7,https://bluebutton.cms.gov/resources/codesystem/identifier-currency,current,Current,https://bluebutton.cms.gov/resources/codesystem/identifier-currency
260,-10000000000093,http://hl7.org/fhir/sid/us-mbi,1S00E00AA93,https://bluebutton.cms.gov/resources/codesystem/identifier-currency,current,Current,https://bluebutton.cms.gov/resources/codesystem/identifier-currency
261,-10000000000074,https://bluebutton.cms.gov/resources/variables/bene_id,-10000000000074,https://bluebutton.cms.gov/resources/codesystem/identifier-currency,current,Current,https://bluebutton.cms.gov/resources/codesystem/identifier-currency
262,-10000000000074,https://bluebutton.cms.gov/resources/identifier/mbi-hash,02b5b2acdfdb0fb7ae936179bbec581408402b5bd1de7343fb03653bbae57212,https://bluebutton.cms.gov/resources/codesystem/identifier-currency,current,Current,https://bluebutton.cms.gov/resources/codesystem/identifier-currency
263,-10000000000074,http://hl7.org/fhir/sid/us-mbi,1S00E00AA74,https://bluebutton.cms.gov/resources/codesystem/identifier-currency,current,Current,https://bluebutton.cms.gov/resources/codesystem/identifier-currency
264,-10000000000062,https://bluebutton.cms.gov/resources/variables/bene_id,-10000000000062,https://bluebutton.cms.gov/resources/codesystem/identifier-currency,current,Current,https://bluebutton.cms.gov/resources/codesystem/identifier-currency
265,-10000000000062,https://bluebutton.cms.gov/resources/identifier/mbi-hash,ac7b70d8ed559352b4b51f7f9836296435174951e9c02c7ba0beeb2159f2e582,https://bluebutton.cms.gov/resources/codesystem/identifier-currency,current,Current,https://bluebutton.cms.gov/resources/codesystem/identifier-currency
266,-10000000000062,http://hl7.org/fhir/sid/us-mbi,1S00E00AA62,https://bluebutton.cms.gov/resources/codesystem/identifier-currency,current,Current,https://bluebutton.cms.gov/resources/codesystem/identifier-currency
267,-10000000000086,https://bluebutton.cms.gov/resources/variables/bene_id,-10000000000086,https://bluebutton.cms.gov/resources/codesystem/identifier-currency,current,Current,https://bluebutton.cms.gov/resources/codesystem/identifier-currency
268,-10000000000086,https://bluebutton.cms.gov/resources/identifier/mbi-hash,553065236f0befdfb1c2f52818f377784798d804f58def6498e4e61fa1bd9427,https://bluebutton.cms.gov/resources/codesystem/identifier-currency,current,Current,https://bluebutton.cms.gov/resources/codesystem/identifier-currency
269,-10000000000086,http://hl7.org/fhir/sid/us-mbi,1S00E00AA86,https://bluebutton.cms.gov/resources/codesystem/identifier-currency,current,Current,https://bluebutton.cms.gov/resources/codesystem/identifier-currency
270,-10000000000013,https://bluebutton.cms.gov/resources/variables/bene_id,-10000000000013,https://bluebutton.cms.gov/resources/codesystem/identifier-currency,current,Current,https://bluebutton.cms.gov/resources/codesystem/identifier-currency
271,-10000000000013,https://bluebutton.cms.gov/resources/identifier/mbi-hash,5ca0239992799733a14be12043eea6ae0f28e3ff21c3bded97a14ecaef90f023,https://bluebutton.cms.gov/resources/codesystem/identifier-currency,current,Current,https://bluebutton.cms.gov/resources/codesystem/identifier-currency
272,-10000000000013,http://hl7.org/fhir/sid/us-mbi,1S00E00AA13,https://bluebutton.cms.gov/resources/codesystem/identifier-currency,current,Current,https://bluebutton.cms.gov/resources/codesystem/identifier-currency
273,-10000000000098,https://bluebutton.cms.gov/resources/variables/bene_id,-10000000000098,https://bluebutton.cms.gov/resources/codesystem/identifier-currency,current,Current,https://bluebutton.cms.gov/resources/codesystem/identifier-currency
274,-10000000000098,https://bluebutton.cms.gov/resources/identifier/mbi-hash,4d67bb28e055ea2bd1384bf3762dc8c2e6bff533d2c58874cabe07d84aeaf835,https://bluebutton.cms.gov/resources/codesystem/identifier-currency,current,Current,https://bluebutton.cms.gov/resources/codesystem/identifier-currency
275,-10000000000098,http://hl7.org/fhir/sid/us-mbi,1S00E00AA98,https://bluebutton.cms.gov/resources/codesystem/identifier-currency,current,Current,https://bluebutton.cms.gov/resources/codesystem/identifier-currency
276,-10000000000097,https://bluebutton.cms.gov/resources/variables/bene_id,-10000000000097,https://bluebutton.cms.gov/resources/codesystem/identifier-currency,current,Current,https://bluebutton.cms.gov/resources/codesystem/identifier-currency
277,-10000000000097,https://bluebutton.cms.gov/resources/identifier/mbi-hash,701e8a351aaface3e662015950870698a0c170174a86b92acf8fb34f96339acd,https://bluebutton.cms.gov/resources/codesystem/identifier-currency,current,Current,https://bluebutton.cms.gov/resources/codesystem/identifier-currency
278,-10000000000097,http://hl7.org/fhir/sid/us-mbi,1S00E00AA97,https://bluebutton.cms.gov/resources/codesystem/identifier-currency,current,Current,https://bluebutton.cms.gov/resources/codesystem/identifier-currency
279,-10000000000090,https://bluebutton.cms.gov/resources/variables/bene_id,-10000000000090,https://bluebutton.cms.gov/resources/codesystem/identifier-currency,current,Current,https://bluebutton.cms.gov/resources/codesystem/identifier-currency
280,-10000000000090,https://bluebutton.cms.gov/resources/identifier/mbi-hash,664577d0ad8169481f35bd6d2a3eb6832bebf3f960cb84333f2ac38c0e74629f,https://bluebutton.cms.gov/resources/codesystem/identifier-currency,current,Current,https://bluebutton.cms.gov/resources/codesystem/identifier-currency
281,-10000000000090,http://hl7.org/fhir/sid/us-mbi,1S00E00AA90,https://bluebutton.cms.gov/resources/codesystem/identifier-currency,current,Current,https://bluebutton.cms.gov/resources/codesystem/identifier-currency
282,-10000000000036,https://bluebutton.cms.gov/resources/variables/bene_id,-10000000000036,https://bluebutton.cms.gov/resources/codesystem/identifier-currency,current,Current,https://bluebutton.cms.gov/resources/codesystem/identifier-currency
283,-10000000000036,https://bluebutton.cms.gov/resources/identifier/mbi-hash,8fea6d49397a42da7ba3cc6c03deaadee6f0340a5f457bac8880012aff2ceb5a,https://bluebutton.cms.gov/resources/codesystem/identifier-currency,current,Current,https://bluebutton.cms.gov/resources/codesystem/identifier-currency
284,-10000000000036,http://hl7.org/fhir/sid/us-mbi,1S00E00AA36,https://bluebutton.cms.gov/resources/codesystem/identifier-currency,current,Current,https://bluebutton.cms.gov/resources/codesystem/identifier-currency
285,-10000000000031,https://bluebutton.cms.gov/resources/variables/bene_id,-10000000000031,https://bluebutton.cms.gov/resources/codesystem/identifier-currency,current,Current,https://bluebutton.cms.gov/resources/codesystem/identifier-currency
286,-10000000000031,https://bluebutton.cms.gov/resources/identifier/mbi-hash,71712193332d97faf7d4fabf23f0ff28d2ef880e9bc8be1df38606b459b1aca2,https://bluebutton.cms.gov/resources/codesystem/identifier-currency,current,Current,https://bluebutton.cms.gov/resources/codesystem/identifier-currency
287,-10000000000031,http://hl7.org/fhir/sid/us-mbi,1S00E00AA31,https://bluebutton.cms.gov/resources/codesystem/identifier-currency,current,Current,https://bluebutton.cms.gov/resources/codesystem/identifier-currency
288,-10000000000051,https://bluebutton.cms.gov/resources/variables/bene_id,-10000000000051,https://bluebutton.cms.gov/resources/codesystem/identifier-currency,current,Current,https://bluebutton.cms.gov/resources/codesystem/identifier-currency
289,-10000000000051,https://bluebutton.cms.gov/resources/identifier/mbi-hash,fde023171f4511ffa8d53f9d7da54b1acf9ce2abdbe9c155de80b1bf2dfcc2c6,https://bluebutton.cms.gov/resources/codesystem/identifier-currency,current,Current,https://bluebutton.cms.gov/resources/codesystem/identifier-currency
290,-10000000000051,http://hl7.org/fhir/sid/us-mbi,1S00E00AA51,https://bluebutton.cms.gov/resources/codesystem/identifier-currency,current,Current,https://bluebutton.cms.gov/resources/codesystem/identifier-currency
291,-10000000000009,https://bluebutton.cms.gov/resources/variables/bene_id,-10000000000009,https://bluebutton.cms.gov/resources/codesystem/identifier-currency,current,Current,https://bluebutton.cms.gov/resources/codesystem/identifier-currency
292,-10000000000009,https://bluebutton.cms.gov/resources/identifier/mbi-hash,8ecae5fafe3e854872a3f30721ee41e4bd5fe237f5a2934fd909cc7301ea878a,https://bluebutton.cms.gov/resources/codesystem/identifier-currency,current,Current,https://bluebutton.cms.gov/resources/codesystem/identifier-currency
293,-10000000000009,http://hl7.org/fhir/sid/us-mbi,1S00E00AA09,https://bluebutton.cms.gov/resources/codesystem/identifier-currency,current,Current,https://bluebutton.cms.gov/resources/codesystem/identifier-currency
294,-10000000000068,https://bluebutton.cms.gov/resources/variables/bene_id,-10000000000068,https://bluebutton.cms.gov/resources/codesystem/identifier-currency,current,Current,https://bluebutton.cms.gov/resources/codesystem/identifier-currency
295,-10000000000068,https://bluebutton.cms.gov/resources/identifier/mbi-hash,b1521273a20a20a3697e8d6fd844519d99dc000fcb42c424910e039bcf4e7a8d,https://bluebutton.cms.gov/resources/codesystem/identifier-currency,current,Current,https://bluebutton.cms.gov/resources/codesystem/identifier-currency
296,-10000000000068,http://hl7.org/fhir/sid/us-mbi,1S00E00AA68,https://bluebutton.cms.gov/resources/codesystem/identifier-currency,current,Current,https://bluebutton.cms.gov/resources/codesystem/identifier-currency
297,-10000000000010,https://bluebutton.cms.gov/resources/variables/bene_id,-10000000000010,https://bluebutton.cms.gov/resources/codesystem/identifier-currency,current,Current,https://bluebutton.cms.gov/resources/codesystem/identifier-currency
298,-10000000000010,https://bluebutton.cms.gov/resources/identifier/mbi-hash,1ac550d7222619f018f36fbdd48189058db6bbb5ca950b05d1a0626a9f745a72,https://bluebutton.cms.gov/resources/codesystem/identifier-currency,current,Current,https://bluebutton.cms.gov/resources/codesystem/identifier-currency
299,-10000000000010,http://hl7.org/fhir/sid/us-mbi,1S00E00AA10,https://bluebutton.cms.gov/resources/codesystem/identifier-currency,current,Current,https://bluebutton.cms.gov/resources/codesystem/identifier-currency
